id	node1	label	node2
Q1000597-P281-1	Q1000597	P281	"DE14"
Q1000597-P373-1	Q1000597	P373	"Burton upon Trent"
Q1000597-P473-1	Q1000597	P473	"01283"
Q1000597-P613-1	Q1000597	P613	"SK245225"
Q1011-P2258-1	Q1011	P2258	"625"
Q1011-P2979-1	Q1011	P2979	"617"
Q1011-P373-1	Q1011	P373	"Cape Verde"
Q1011-P395-1	Q1011	P395	"CV"
Q1011-P474-1	Q1011	P474	"+238"
Q1011-P487-1	Q1011	P487	"ğŸ‡¨ğŸ‡»"
Q1011-P898-1	Q1011	P898	"kÉ‘p\\\\'Ê‹Ã¦É¾dÉ™"
Q1011-P935-1	Q1011	P935	"Cabo Verde"
Q1019-P2258-1	Q1019	P2258	"646"
Q1019-P2979-1	Q1019	P2979	"647"
Q1019-P373-1	Q1019	P373	"Madagascar"
Q1019-P395-1	Q1019	P395	"RM"
Q1019-P474-1	Q1019	P474	"+261"
Q1019-P487-1	Q1019	P487	"ğŸ‡²ğŸ‡¬"
Q1019-P898-1	Q1019	P898	"mÉ‘dÉ‘\\\\'gÉ‘skÉ‘É¾"
Q1019-P935-1	Q1019	P935	"Madagascar - Madagasikara"
Q1020773-P281-1	Q1020773	P281	"21400â€“21499"
Q1020773-P373-1	Q1020773	P373	"Tecate"
Q1020773-P473-1	Q1020773	P473	"665"
Q1027-P2258-1	Q1027	P2258	"617"
Q1027-P2979-1	Q1027	P2979	"645"
Q1027-P3067-1	Q1027	P3067	"609"
Q1027-P373-1	Q1027	P373	"Mauritius"
Q1027-P395-1	Q1027	P395	"MS"
Q1027-P474-1	Q1027	P474	"+230"
Q1027-P487-1	Q1027	P487	"ğŸ‡²ğŸ‡º"
Q1027-P898-1	Q1027	P898	"mÃ¦Ê‰\\\\'É¾ÉªtsÉªÊ‰s"
Q1027-P935-1	Q1027	P935	"Mauritius"
Q1033-P2258-1	Q1033	P2258	"621"
Q1033-P2979-1	Q1033	P2979	"657"
Q1033-P3067-1	Q1033	P3067	"615"
Q1033-P3238-1	Q1033	P3238	"0"
Q1033-P373-1	Q1033	P373	"Nigeria"
Q1033-P395-1	Q1033	P395	"WAN"
Q1033-P474-1	Q1033	P474	"+234"
Q1033-P487-1	Q1033	P487	"ğŸ‡³ğŸ‡¬"
Q1033-P898-1	Q1033	P898	"nÉª\\\\'geËÉ¾ÉªÉ‘"
Q1033-P935-1	Q1033	P935	"Nigeria"
Q1036-P2258-1	Q1036	P2258	"641"
Q1036-P2979-1	Q1036	P2979	"675"
Q1036-P373-1	Q1036	P373	"Uganda"
Q1036-P395-1	Q1036	P395	"EAU"
Q1036-P474-1	Q1036	P474	"+256"
Q1036-P487-1	Q1036	P487	"ğŸ‡ºğŸ‡¬"
Q1036-P898-1	Q1036	P898	"Ê‰\\\\'gÉ‘ndÉ‘"
Q1036-P935-1	Q1036	P935	"Uganda"
Q1056430-P373-1	Q1056430	P373	"CuauhtÃ©moc Moctezuma"
Q1121690-P373-1	Q1121690	P373	"Beverage cans"
Q113215-P373-1	Q113215	P373	"Carlsberg Group"
Q11575-P225-1	Q11575	P225	"Zea mays"
Q11575-P373-1	Q11575	P373	"Zea mays"
Q11575-P487-1	Q11575	P487	"ğŸŒ½"
Q11575-P627-1	Q11575	P627	"77726273"
Q11575-P935-1	Q11575	P935	"Zea mays"
Q11577-P225-1	Q11577	P225	"Hordeum vulgare"
Q11577-P373-1	Q11577	P373	"Hordeum vulgare"
Q11577-P935-1	Q11577	P935	"Hordeum vulgare"
Q1164954-P373-1	Q1164954	P373	"Brasserie Dubuisson"
Q117-P2258-1	Q117	P2258	"620"
Q117-P2979-1	Q117	P2979	"627"
Q117-P3067-1	Q117	P3067	"603"
Q117-P3238-1	Q117	P3238	"0"
Q117-P373-1	Q117	P373	"Ghana"
Q117-P395-1	Q117	P395	"GH"
Q117-P474-1	Q117	P474	"+233"
Q117-P487-1	Q117	P487	"ğŸ‡¬ğŸ‡­"
Q117-P898-1	Q117	P898	"ËˆgÉ‘ËnÉ‘"
Q117-P935-1	Q117	P935	"Ghana"
Q12002324-P373-1	Q12002324	P373	"Shepherd Neame Ltd"
Q12111-P225-1	Q12111	P225	"Sorghum"
Q12111-P373-1	Q12111	P373	"Sorghum"
Q12111-P920-1	Q12111	P920	"LEM201008505"
Q1246-P3067-1	Q1246	P3067	"390"
Q1246-P3238-1	Q1246	P3238	"0"
Q1246-P373-1	Q1246	P373	"Kosovo"
Q1246-P474-1	Q1246	P474	"+383"
Q1246-P487-1	Q1246	P487	"ğŸ‡½ğŸ‡°"
Q1246-P935-1	Q1246	P935	"Kosovo"
Q128738-P373-1	Q128738	P373	"Anheuser-Busch InBev"
Q12877510-P1329-1	Q12877510	P1329	"+30-2531-038715"
Q12877510-P1796-1	Q12877510	P1796	"1103"
Q12877510-P2900-1	Q12877510	P2900	"+30-2531-038729"
Q131413-P373-1	Q131413	P373	"Wheat beers"
Q131734-P1282-2	Q131734	P1282	"Key:brewery"
Q131734-P1282-1	Q131734	P1282	"Tag:craft=brewery"
Q131734-P373-1	Q131734	P373	"Breweries"
Q133123-P281-1	Q133123	P281	"26x xx"
Q133123-P373-1	Q133123	P373	"Patras"
Q133123-P395-2	Q133123	P395	"AZ"
Q133123-P395-1	Q133123	P395	"Î‘X"
Q133123-P473-1	Q133123	P473	"2610"
Q133123-P935-1	Q133123	P935	"Patras"
Q134161-P373-1	Q134161	P373	"Joint-stock companies"
Q1342474-P373-1	Q1342474	P373	"Brouwerij Van Honsebrouck"
Q13439309-P373-1	Q13439309	P373	"Lindeboom Brewery"
Q1397604-P373-1	Q1397604	P373	"Brasseries Kronenbourg"
Q142-P2258-1	Q142	P2258	"208"
Q142-P2979-1	Q142	P2979	"226"
Q142-P2979-2	Q142	P2979	"227"
Q142-P2979-3	Q142	P2979	"228"
Q142-P3067-1	Q142	P3067	"300-379"
Q142-P3238-1	Q142	P3238	"0"
Q142-P373-1	Q142	P373	"France"
Q142-P395-1	Q142	P395	"F"
Q142-P474-1	Q142	P474	"+33"
Q142-P487-1	Q142	P487	"ğŸ‡«ğŸ‡·"
Q142-P898-2	Q142	P898	"fÊÉ‘Ìƒs"
Q142-P898-1	Q142	P898	"ËˆfÉ¾É‘Å‹kÉ¾iËkÉ™"
Q142-P935-1	Q142	P935	"France"
Q145-P2258-1	Q145	P2258	"234"
Q145-P2258-2	Q145	P2258	"235"
Q145-P2979-1	Q145	P2979	"232"
Q145-P2979-2	Q145	P2979	"233"
Q145-P2979-3	Q145	P2979	"234"
Q145-P2979-4	Q145	P2979	"235"
Q145-P3067-1	Q145	P3067	"500-509"
Q145-P3238-1	Q145	P3238	"0"
Q145-P373-1	Q145	P373	"United Kingdom"
Q145-P395-1	Q145	P395	"GB"
Q145-P474-1	Q145	P474	"+44"
Q145-P487-1	Q145	P487	"ğŸ‡¬ğŸ‡§"
Q145-P898-3	Q145	P898	"jÊŠÌˆnaiÌ¯tÉ˜d kÉªÅ‹É¡dÉ™Ì¯m"
Q145-P898-2	Q145	P898	"vÊ²ÉªlÊ²ÉªkÉ™brÊ²ÉªËˆtanÊ²Éªj"
Q145-P898-1	Q145	P898	"ËˆstuÉ¾bÉ¾ÉªtÉ‘ËnÉªÉ‘"
Q145-P935-1	Q145	P935	"United Kingdom"
Q14744170-P373-1	Q14744170	P373	"Stoombierbrouwerij De Keyzer"
Q14744170-P935-1	Q14744170	P935	"Stoombierbrouwerij De Keyzer"
Q148-P2258-1	Q148	P2258	"460"
Q148-P2979-1	Q148	P2979	"412"
Q148-P2979-2	Q148	P2979	"413"
Q148-P2979-3	Q148	P2979	"414"
Q148-P3067-1	Q148	P3067	"690-699"
Q148-P3238-1	Q148	P3238	"0"
Q148-P373-1	Q148	P373	"People\\\\'s Republic of China"
Q148-P474-1	Q148	P474	"+86"
Q148-P487-1	Q148	P487	"ğŸ‡¨ğŸ‡³"
Q148-P898-1	Q148	P898	"ËˆfÉ”É½kÉ™rÉ›pÊ‰blÉªkÉ™n ËˆÃ§iËnÉ‘"
Q148-P898-2	Q148	P898	"ËˆÃ§iËnÉ‘"
Q148-P935-1	Q148	P935	"ä¸­åäººæ°‘å…±å’Œå›½"
Q14835-P281-1	Q14835	P281	"02625"
Q14835-P281-2	Q14835	P281	"8600"
Q14835-P373-1	Q14835	P373	"Bautzen"
Q14835-P395-1	Q14835	P395	"BZ"
Q14835-P473-1	Q14835	P473	"03591"
Q14835-P473-2	Q14835	P473	"035935"
Q14835-P935-1	Q14835	P935	"Bautzen"
Q15046077-P373-1	Q15046077	P373	"Ginger"
Q15075508-P1282-1	Q15075508	P1282	"Key:brewery"
Q15075508-P373-1	Q15075508	P373	"Beers by brand"
Q15180-P3238-1	Q15180	P3238	"8"
Q15180-P373-1	Q15180	P373	"Soviet Union"
Q15180-P935-1	Q15180	P935	"Ğ¡Ğ¾ÑĞ· Ğ¡Ğ¾Ğ²ĞµÑ‚ÑĞºĞ¸Ñ… Ğ¡Ğ¾Ñ†Ğ¸Ğ°Ğ»Ğ¸ÑÑ‚Ğ¸Ñ‡ĞµÑĞºĞ¸Ñ… Ğ ĞµÑĞ¿ÑƒĞ±Ğ»Ğ¸Ğº"
Q152024-P373-1	Q152024	P373	"Malt"
Q152281-P373-1	Q152281	P373	"Pilsner"
Q1524-P281-1	Q1524	P281	"10xxx, 11xxx, 120xx"
Q1524-P373-1	Q1524	P373	"Athens"
Q1524-P395-1	Q1524	P395	"BK"
Q1524-P395-2	Q1524	P395	"BM"
Q1524-P395-3	Q1524	P395	"BN"
Q1524-P395-4	Q1524	P395	"BP"
Q1524-P395-5	Q1524	P395	"HY"
Q1524-P395-6	Q1524	P395	"IA"
Q1524-P395-7	Q1524	P395	"IB"
Q1524-P395-8	Q1524	P395	"IE"
Q1524-P395-9	Q1524	P395	"IK"
Q1524-P395-10	Q1524	P395	"IM"
Q1524-P395-11	Q1524	P395	"IO"
Q1524-P395-12	Q1524	P395	"IP"
Q1524-P395-13	Q1524	P395	"IT"
Q1524-P395-14	Q1524	P395	"IX"
Q1524-P395-15	Q1524	P395	"IY"
Q1524-P395-16	Q1524	P395	"IZ"
Q1524-P395-17	Q1524	P395	"OA"
Q1524-P395-18	Q1524	P395	"TT"
Q1524-P395-19	Q1524	P395	"XE"
Q1524-P395-20	Q1524	P395	"XH"
Q1524-P395-21	Q1524	P395	"XP"
Q1524-P395-22	Q1524	P395	"XT"
Q1524-P395-23	Q1524	P395	"XX"
Q1524-P395-24	Q1524	P395	"XY"
Q1524-P395-25	Q1524	P395	"XZ"
Q1524-P395-26	Q1524	P395	"YA"
Q1524-P395-27	Q1524	P395	"YB"
Q1524-P395-28	Q1524	P395	"YE"
Q1524-P395-29	Q1524	P395	"YH"
Q1524-P395-30	Q1524	P395	"YZ"
Q1524-P395-31	Q1524	P395	"ZH"
Q1524-P395-32	Q1524	P395	"ZK"
Q1524-P395-33	Q1524	P395	"ZM"
Q1524-P395-34	Q1524	P395	"ZZ"
Q1524-P473-1	Q1524	P473	"210"
Q1524-P935-1	Q1524	P935	"Athens"
Q153015-P373-1	Q153015	P373	"Kingdom of Saxony"
Q15304350-P373-1	Q15304350	P373	"ThaiBev"
Q153075-P373-1	Q153075	P373	"Grolsch"
Q153546-P373-1	Q153546	P373	"Augustiner-BrÃ¤u"
Q154-P373-1	Q154	P373	"Alcoholic beverages"
Q155-P2258-1	Q155	P2258	"724"
Q155-P2979-1	Q155	P2979	"710"
Q155-P3067-1	Q155	P3067	"789-790"
Q155-P3238-1	Q155	P3238	novalue
Q155-P373-1	Q155	P373	"Brazil"
Q155-P395-1	Q155	P395	"BR"
Q155-P474-1	Q155	P474	"+55"
Q155-P487-1	Q155	P487	"ğŸ‡§ğŸ‡·"
Q155-P898-2	Q155	P898	"brÉËˆzÊ²ilÊ²ÉªjÉ™"
Q155-P898-3	Q155	P898	"bÉ¾aËˆziw"
Q155-P898-1	Q155	P898	"bÉ¾É‘ËˆsiËl"
Q155-P935-1	Q155	P935	"Brasil"
Q15622897-P373-1	Q15622897	P373	"Clove"
Q15645384-P1282-1	Q15645384	P1282	"Tag:crop=wheat"
Q15645384-P373-1	Q15645384	P373	"Wheat"
Q15645384-P935-1	Q15645384	P935	"Wheat"
Q1580339-P373-1	Q1580339	P373	"Santa Claus in France"
Q1584923-P373-1	Q1584923	P373	"Harbin Beer"
Q15887-P281-1	Q15887	P281	"3270"
Q15887-P373-1	Q15887	P373	"Municipality of LaÅ¡ko"
Q15887-P395-1	Q15887	P395	"CE"
Q159-P2258-1	Q159	P2258	"250"
Q159-P2979-1	Q159	P2979	"273"
Q159-P3067-1	Q159	P3067	"460-469"
Q159-P3238-1	Q159	P3238	"8"
Q159-P373-1	Q159	P373	"Russia"
Q159-P395-1	Q159	P395	"RUS"
Q159-P474-1	Q159	P474	"+7"
Q159-P487-1	Q159	P487	"ğŸ‡·ğŸ‡º"
Q159-P898-3	Q159	P898	"rÉËˆsÊ²ijÉ™"
Q159-P898-2	Q159	P898	"ËˆÉ¾Ê‰slÉ‘n"
Q159-P898-1	Q159	P898	"ËˆÉ¾Ê‰Ê‚lÉ‘n"
Q159-P935-1	Q159	P935	"Ğ Ğ¾ÑÑĞ¸Ñ"
Q16-P2258-1	Q16	P2258	"302"
Q16-P2979-1	Q16	P2979	"316"
Q16-P3067-1	Q16	P3067	"000-019"
Q16-P3067-2	Q16	P3067	"060-099"
Q16-P3067-3	Q16	P3067	"754-755"
Q16-P3238-1	Q16	P3238	"1"
Q16-P373-1	Q16	P373	"Canada"
Q16-P395-1	Q16	P395	"CDN"
Q16-P474-1	Q16	P474	"+1"
Q16-P487-1	Q16	P487	"ğŸ‡¨ğŸ‡¦"
Q16-P898-3	Q16	P898	"kanadÉ‘"
Q16-P898-2	Q16	P898	"ËˆkÃ¦nÉ™dÉ™"
Q16-P898-1	Q16	P898	"ËˆkÉ‘nÉ‘dÉ‘"
Q16-P935-1	Q16	P935	"Canada"
Q161140-P373-1	Q161140	P373	"Diageo"
Q1632494-P373-1	Q1632494	P373	"Huyghe brewery"
Q165308-P373-1	Q165308	P373	"Pumpkins"
Q165308-P935-1	Q165308	P935	"Pumpkin"
Q167270-P373-1	Q167270	P373	"Trademarks"
Q167270-P487-1	Q167270	P487	"â„¢"
Q168648-P281-1	Q168648	P281	"9400"
Q168648-P373-1	Q168648	P373	"Sopron"
Q168648-P473-1	Q168648	P473	"99"
Q168648-P898-1	Q168648	P898	"ËˆÊƒopron"
Q168648-P935-1	Q168648	P935	"Sopron"
Q17-P1814-1	Q17	P1814	"ã«ã£ã½ã‚“"
Q17-P1814-2	Q17	P1814	"ã«ã»ã‚“"
Q17-P1814-3	Q17	P1814	"ã«ã»ã‚“ã“ã"
Q17-P2258-1	Q17	P2258	"440"
Q17-P2258-2	Q17	P2258	"441"
Q17-P2979-1	Q17	P2979	"431"
Q17-P2979-2	Q17	P2979	"432"
Q17-P3067-1	Q17	P3067	"450-459"
Q17-P3067-2	Q17	P3067	"490-499"
Q17-P3238-1	Q17	P3238	"0"
Q17-P373-1	Q17	P373	"Japan"
Q17-P395-1	Q17	P395	"J"
Q17-P474-1	Q17	P474	"+81"
Q17-P487-2	Q17	P487	"ğŸ‡¯ğŸ‡µ"
Q17-P487-1	Q17	P487	"ğŸ—¾"
Q17-P898-2	Q17	P898	"(j)ÉªËˆponÊ²ÉªjÉ™"
Q17-P898-5	Q17	P898	"nÊ²ihÃ³É´"
Q17-P898-4	Q17	P898	"Ê’aËˆponi.a"
Q17-P898-3	Q17	P898	"ËˆjaËpan"
Q17-P898-1	Q17	P898	"ËˆjÉ‘ËpÉ‘n"
Q17-P935-1	Q17	P935	"æ—¥æœ¬"
Q17151-P281-1	Q17151	P281	"530â€“539"
Q17151-P281-2	Q17151	P281	"54015â€“54655"
Q17151-P281-3	Q17151	P281	"56404"
Q17151-P373-1	Q17151	P373	"Thessaloniki"
Q17151-P395-1	Q17151	P395	"MM"
Q17151-P395-2	Q17151	P395	"NA"
Q17151-P395-3	Q17151	P395	"NB"
Q17151-P395-4	Q17151	P395	"NE"
Q17151-P395-5	Q17151	P395	"NH"
Q17151-P395-6	Q17151	P395	"NI"
Q17151-P395-7	Q17151	P395	"NK"
Q17151-P395-8	Q17151	P395	"NM"
Q17151-P395-9	Q17151	P395	"NN"
Q17151-P395-10	Q17151	P395	"NO"
Q17151-P395-11	Q17151	P395	"NP"
Q17151-P395-12	Q17151	P395	"NT"
Q17151-P395-14	Q17151	P395	"NX"
Q17151-P395-13	Q17151	P395	"NY"
Q17151-P395-15	Q17151	P395	"NZ"
Q17151-P473-1	Q17151	P473	"2310"
Q17151-P742-1	Q17151	P742	"Î— Î½ÏÎ¼Ï†Î· Ï„Î¿Ï… Î˜ÎµÏÎ¼Î±ÏŠÎºÎ¿Ï"
Q17151-P935-1	Q17151	P935	"Î˜ÎµÏƒÏƒÎ±Î»Î¿Î½Î¯ÎºÎ·"
Q17252-P373-1	Q17252	P373	"Tibet"
Q17252-P935-1	Q17252	P935	"à½–à½¼à½‘à¼‹"
Q1726-P1438-1	Q1726	P1438	"15521"
Q1726-P281-1	Q1726	P281	"80331"
Q1726-P281-3	Q1726	P281	"80802"
Q1726-P281-4	Q1726	P281	"80805"
Q1726-P281-5	Q1726	P281	"81377"
Q1726-P281-6	Q1726	P281	"81379"
Q1726-P281-8	Q1726	P281	"81730"
Q1726-P281-9	Q1726	P281	"81735"
Q1726-P281-7	Q1726	P281	"81737"
Q1726-P281-10	Q1726	P281	"81825"
Q1726-P281-2	Q1726	P281	"81929"
Q1726-P373-1	Q1726	P373	"Munich"
Q1726-P395-1	Q1726	P395	"M"
Q1726-P473-1	Q1726	P473	"089"
Q1726-P935-1	Q1726	P935	"MÃ¼nchen"
Q172668-P281-1	Q172668	P281	"5121"
Q172668-P373-1	Q172668	P373	"Fucking, Austria"
Q172668-P473-1	Q172668	P473	"06278"
Q178921-P373-1	Q178921	P373	"Mineral waters"
Q1798652-P373-1	Q1798652	P373	"Tuborg"
Q180855-P373-1	Q180855	P373	"Heineken"
Q180855-P3761-1	Q180855	P3761	"145.47.0.0/16"
Q182809-P373-1	Q182809	P373	"Haskovo Province"
Q182809-P395-1	Q182809	P395	"X"
Q183-P2258-1	Q183	P2258	"262"
Q183-P2572-1	Q183	P2572	"Deutschland"
Q183-P2979-1	Q183	P2979	"211"
Q183-P2979-2	Q183	P2979	"218"
Q183-P3067-1	Q183	P3067	"400-440"
Q183-P3238-1	Q183	P3238	"0"
Q183-P373-1	Q183	P373	"Germany"
Q183-P395-1	Q183	P395	"D"
Q183-P474-1	Q183	P474	"+49"
Q183-P487-1	Q183	P487	"ğŸ‡©ğŸ‡ª"
Q183-P898-2	Q183	P898	"ËˆdÉ”ÉªÌ¯Ê§lant"
Q183-P898-1	Q183	P898	"ËˆtÊsklÉ‘n"
Q183-P935-1	Q183	P935	"Deutschland"
Q184-P2258-1	Q184	P2258	"257"
Q184-P2979-1	Q184	P2979	"206"
Q184-P3067-1	Q184	P3067	"481"
Q184-P3238-1	Q184	P3238	"8"
Q184-P373-1	Q184	P373	"Belarus"
Q184-P395-1	Q184	P395	"BLR"
Q184-P474-1	Q184	P474	"+375"
Q184-P487-1	Q184	P487	"ğŸ‡§ğŸ‡¾"
Q184-P898-1	Q184	P898	"bÊ²É›laËˆrusÊ²"
Q184-P898-2	Q184	P898	"bÊ²É›É«ÌªÃ¤ËˆrusÌªÊ²"
Q184-P898-4	Q184	P898	"ËˆÊ‹iËtÉ™rÊ‰slÉ‘n"
Q184-P898-3	Q184	P898	"ËˆÊ‹iËtÉ™rÊ‰Ê‚lÉ‘n"
Q184-P935-1	Q184	P935	"Ğ‘ĞµĞ»Ğ°Ñ€ÑƒÑÑŒ"
Q185009-P373-1	Q185009	P373	"Whey"
Q189-P2258-1	Q189	P2258	"274"
Q189-P2979-1	Q189	P2979	"251"
Q189-P3067-1	Q189	P3067	"569"
Q189-P3238-1	Q189	P3238	novalue
Q189-P373-1	Q189	P373	"Iceland"
Q189-P395-1	Q189	P395	"IS"
Q189-P474-1	Q189	P474	"+354"
Q189-P487-1	Q189	P487	"ğŸ‡®ğŸ‡¸"
Q189-P898-4	Q189	P898	"ÉªËˆslanÊ²dÊ²ÉªjÉ™"
Q189-P898-2	Q189	P898	"ÉªËˆslanâ½Ê²â¾dÊ²ÉªjÉ™"
Q189-P898-3	Q189	P898	"Ëˆislant"
Q189-P898-1	Q189	P898	"ËˆiËslÉ‘n"
Q189-P935-1	Q189	P935	"Ãsland"
Q191-P2258-1	Q191	P2258	"248"
Q191-P2979-1	Q191	P2979	"276"
Q191-P3067-1	Q191	P3067	"474"
Q191-P3238-1	Q191	P3238	novalue
Q191-P373-1	Q191	P373	"Estonia"
Q191-P395-1	Q191	P395	"EST"
Q191-P474-1	Q191	P474	"+372"
Q191-P487-1	Q191	P487	"ğŸ‡ªğŸ‡ª"
Q191-P898-2	Q191	P898	"É›ËˆstonÊ²ÉªjÉ™"
Q191-P898-3	Q191	P898	"ËˆeËsti"
Q191-P898-1	Q191	P898	"ËˆÉ›stlÉ‘n"
Q191-P935-1	Q191	P935	"Eesti"
Q19175504-P304-1	Q19175504	P304	"604â€“605"
Q19175504-P433-1	Q19175504	P433	"45"
Q19237092-P304-1	Q19237092	P304	"40"
Q19237092-P433-1	Q19237092	P433	"3"
Q1987425-P373-1	Q1987425	P373	"De Struise Brouwers"
Q1998962-P373-1	Q1998962	P373	"Beer styles"
Q205601-P373-1	Q205601	P373	"Oriental Brewery Company"
Q2079-P1438-1	Q2079	P1438	"12407"
Q2079-P238-1	Q2079	P238	"LEJ"
Q2079-P281-1	Q2079	P281	"04003"
Q2079-P281-7	Q2079	P281	"04105"
Q2079-P281-6	Q2079	P281	"04109"
Q2079-P281-4	Q2079	P281	"04155"
Q2079-P281-5	Q2079	P281	"04157"
Q2079-P281-10	Q2079	P281	"04159"
Q2079-P281-8	Q2079	P281	"04229"
Q2079-P281-3	Q2079	P281	"04275"
Q2079-P281-9	Q2079	P281	"04317"
Q2079-P281-2	Q2079	P281	"04357"
Q2079-P373-1	Q2079	P373	"Leipzig"
Q2079-P395-1	Q2079	P395	"L"
Q2079-P473-1	Q2079	P473	"0341"
Q2079-P935-1	Q2079	P935	"Leipzig"
Q208385-P373-1	Q208385	P373	"Ale (beer)"
Q208403-P281-1	Q208403	P281	"69100"
Q208403-P281-2	Q208403	P281	"69131"
Q208403-P281-3	Q208403	P281	"69132"
Q208403-P281-4	Q208403	P281	"69133"
Q208403-P373-1	Q208403	P373	"Komotini"
Q208403-P473-1	Q208403	P473	"2531Î§"
Q208403-P935-1	Q208403	P935	"Komotini"
Q211-P1438-1	Q211	P1438	"12335"
Q211-P2258-1	Q211	P2258	"247"
Q211-P2979-1	Q211	P2979	"275"
Q211-P3067-1	Q211	P3067	"475"
Q211-P3238-1	Q211	P3238	novalue
Q211-P373-1	Q211	P373	"Latvia"
Q211-P395-1	Q211	P395	"LV"
Q211-P474-1	Q211	P474	"+371"
Q211-P487-1	Q211	P487	"ğŸ‡±ğŸ‡»"
Q211-P898-1	Q211	P898	"Ëˆlat.vi.ja"
Q211-P898-2	Q211	P898	"ËˆlÉ‘tÊ‹ÉªÉ‘"
Q211-P935-1	Q211	P935	"Latvija"
Q212-P2258-1	Q212	P2258	"255"
Q212-P2572-1	Q212	P2572	"ÑƒĞºÑ€Ğ°Ñ—Ğ½Ğ°"
Q212-P2979-1	Q212	P2979	"272"
Q212-P3067-1	Q212	P3067	"482"
Q212-P3238-1	Q212	P3238	"0"
Q212-P373-1	Q212	P373	"Ukraine"
Q212-P395-1	Q212	P395	"UA"
Q212-P474-1	Q212	P474	"+380"
Q212-P487-1	Q212	P487	"ğŸ‡ºğŸ‡¦"
Q212-P898-4	Q212	P898	"y.kÊÉ›n"
Q212-P898-1	Q212	P898	"Ê‰kÉ¾É‘ËˆiËnÉ‘"
Q212-P898-2	Q212	P898	"ÊŠkrÉËˆjÉªnÌªÉ"
Q212-P898-3	Q212	P898	"Ê”ukÊaËˆiËnÉ™"
Q212-P935-1	Q212	P935	"Ğ£ĞºÑ€Ğ°Ñ—Ğ½Ğ°"
Q213-P2258-1	Q213	P2258	"230"
Q213-P2979-1	Q213	P2979	"270"
Q213-P3067-1	Q213	P3067	"859"
Q213-P3238-1	Q213	P3238	novalue
Q213-P373-1	Q213	P373	"Czech Republic"
Q213-P395-1	Q213	P395	"CZ"
Q213-P474-1	Q213	P474	"+420"
Q213-P487-1	Q213	P487	"ğŸ‡¨ğŸ‡¿"
Q213-P898-1	Q213	P898	"ËˆtÊ‚É›kÉªÉ‘"
Q213-P898-2	Q213	P898	"ËˆtÍ¡ÊƒÉ›sko"
Q213-P935-1	Q213	P935	"ÄŒesko"
Q214-P2258-1	Q214	P2258	"231"
Q214-P2979-1	Q214	P2979	"267"
Q214-P3067-1	Q214	P3067	"858"
Q214-P3238-1	Q214	P3238	"0"
Q214-P373-1	Q214	P373	"Slovakia"
Q214-P395-1	Q214	P395	"SK"
Q214-P474-1	Q214	P474	"+421"
Q214-P487-1	Q214	P487	"ğŸ‡¸ğŸ‡°"
Q214-P898-1	Q214	P898	"Ê‚luËˆÊ‹É‘ËkÉªÉ‘"
Q214-P898-2	Q214	P898	"ËˆslÉ”Ê‹É›nskÉ”"
Q214-P935-1	Q214	P935	"Slovensko"
Q2174139-P373-1	Q2174139	P373	"Brouwerij Wilderen"
Q217825-P373-1	Q217825	P373	"Stout"
Q219-P2258-1	Q219	P2258	"284"
Q219-P2979-1	Q219	P2979	"207"
Q219-P3067-1	Q219	P3067	"380"
Q219-P3238-1	Q219	P3238	"0"
Q219-P373-1	Q219	P373	"Bulgaria"
Q219-P395-1	Q219	P395	"BG"
Q219-P474-1	Q219	P474	"+359"
Q219-P487-1	Q219	P487	"ğŸ‡§ğŸ‡¬"
Q219-P898-2	Q219	P898	"bÉlËˆÉ¡arÊ²ÉªjÉ™"
Q219-P898-1	Q219	P898	"bÊ‰lËˆgÉ‘ËÉ¾ÉªÉ‘"
Q219-P898-3	Q219	P898	"rÉ›ËˆpublikÉ bÉ¤ÌlËˆÉ¡arijÉ"
Q219-P935-1	Q219	P935	"Ğ‘ÑŠĞ»Ğ³Ğ°Ñ€Ğ¸Ñ"
Q219239-P373-1	Q219239	P373	"Cookbooks"
Q221-P2258-1	Q221	P2258	"294"
Q221-P2979-1	Q221	P2979	"274"
Q221-P3067-1	Q221	P3067	"531"
Q221-P3238-1	Q221	P3238	"0"
Q221-P373-1	Q221	P373	"North Macedonia"
Q221-P395-1	Q221	P395	"MK"
Q221-P474-1	Q221	P474	"+389"
Q221-P487-1	Q221	P487	"ğŸ‡²ğŸ‡°"
Q221-P898-1	Q221	P898	"mÉ‘kÉ™ËˆduËnÉªÉ‘"
Q221-P898-3	Q221	P898	"rÉ›Ëˆpublika makÉ›ËˆdÉ”nija"
Q221-P898-2	Q221	P898	"rÊ²ÉªËˆspublÊ²ÉªkÉ™ mÉ™kÊ²ÉªËˆdonÊ²ÉªjÉ™"
Q221-P935-1	Q221	P935	"North Macedonia"
Q222-P2258-1	Q222	P2258	"276"
Q222-P2979-1	Q222	P2979	"201"
Q222-P3067-1	Q222	P3067	"530"
Q222-P3238-1	Q222	P3238	"0"
Q222-P373-1	Q222	P373	"Albania"
Q222-P395-1	Q222	P395	"AL"
Q222-P474-1	Q222	P474	"+355"
Q222-P487-1	Q222	P487	"ğŸ‡¦ğŸ‡±"
Q222-P898-2	Q222	P898	"ÉlËˆbanÊ²ÉªjÉ™"
Q222-P898-1	Q222	P898	"É‘lËˆbÉ‘ËnÉªÉ‘"
Q222-P898-3	Q222	P898	"É¾É›puËˆblika É› ÊƒcipÉ™ËˆÉ¾iËs"
Q222-P935-1	Q222	P935	"ShqipÃ«ria"
Q2239073-P373-1	Q2239073	P373	"Hertog Jan beer"
Q224-P2258-1	Q224	P2258	"219"
Q224-P2979-1	Q224	P2979	"238"
Q224-P3067-1	Q224	P3067	"385"
Q224-P3238-1	Q224	P3238	"0"
Q224-P373-1	Q224	P373	"Croatia"
Q224-P395-1	Q224	P395	"HR"
Q224-P474-1	Q224	P474	"+385"
Q224-P487-1	Q224	P487	"ğŸ‡­ğŸ‡·"
Q224-P898-1	Q224	P898	"kÉ¾uËËˆÉ‘tsÉªÉ‘"
Q224-P898-3	Q224	P898	"xÅ™Ì©Ê‹aËtskaË"
Q224-P898-2	Q224	P898	"xÉrËˆvatÊ²ÉªjÉ™"
Q224-P935-1	Q224	P935	"Hrvatska"
Q225-P2258-1	Q225	P2258	"218"
Q225-P2979-1	Q225	P2979	"478"
Q225-P3067-1	Q225	P3067	"387"
Q225-P3238-1	Q225	P3238	"0"
Q225-P373-1	Q225	P373	"Bosnia and Herzegovina"
Q225-P395-1	Q225	P395	"BIH"
Q225-P474-1	Q225	P474	"+387"
Q225-P487-1	Q225	P487	"ğŸ‡§ğŸ‡¦"
Q225-P898-3	Q225	P898	"bÃ´sna i xÄ›rtseÉ¡oÊ‹ina"
Q225-P898-2	Q225	P898	"Ëˆbosâ½Ê²â¾nÊ²ÉªjÉ™ ÉªÉ¡Ê²ÉªrtÍ¡sÉ¨É¡ÉËˆvÊ²inÉ™"
Q225-P898-1	Q225	P898	"ËˆbÉ”snÉªÉ‘ hÃ¦ÊˆsÉ™ËˆgoËÊ‹ÉªnÉ‘"
Q225-P935-1	Q225	P935	"Bosna i Hercegovina / Ğ‘Ğ¾ÑĞ½Ğ° Ğ¸ Ğ¥ĞµÑ€Ñ†ĞµĞ³Ğ¾Ğ²Ğ¸Ğ½Ğ°"
Q227-P2258-1	Q227	P2258	"400"
Q227-P2979-1	Q227	P2979	"423"
Q227-P3067-1	Q227	P3067	"476"
Q227-P3238-1	Q227	P3238	"8"
Q227-P373-1	Q227	P373	"Azerbaijan"
Q227-P395-1	Q227	P395	"AZ"
Q227-P474-1	Q227	P474	"+994"
Q227-P487-1	Q227	P487	"ğŸ‡¦ğŸ‡¿"
Q227-P898-1	Q227	P898	"É‘sÉ™É¾bÉ‘jdËˆÊ‚É‘Ën"
Q227-P898-2	Q227	P898	"É‘ËzÃ¦É¾bÉ‘jËˆdÍ¡Ê’É‘n"
Q227-P935-1	Q227	P935	"AzÉ™rbaycan"
Q2271859-P373-1	Q2271859	P373	"Pale ales"
Q228-P2258-1	Q228	P2258	"213"
Q228-P2979-1	Q228	P2979	"202"
Q228-P3067-1	Q228	P3067	"840-849"
Q228-P3238-1	Q228	P3238	novalue
Q228-P373-1	Q228	P373	"Andorra"
Q228-P395-1	Q228	P395	"AND"
Q228-P474-1	Q228	P474	"+376"
Q228-P487-1	Q228	P487	"ğŸ‡¦ğŸ‡©"
Q228-P898-2	Q228	P898	"ÉnËˆdorËÉ™"
Q228-P898-3	Q228	P898	"É‘nËˆdÉ”É¾É‘"
Q228-P898-1	Q228	P898	"É™nËˆdÉ”.rÉ™"
Q228-P935-1	Q228	P935	"Andorra"
Q229-P2258-1	Q229	P2258	"280"
Q229-P2979-1	Q229	P2979	"209"
Q229-P2979-2	Q229	P2979	"210"
Q229-P2979-3	Q229	P2979	"212"
Q229-P3067-1	Q229	P3067	"529"
Q229-P373-1	Q229	P373	"Cyprus"
Q229-P395-1	Q229	P395	"CY"
Q229-P474-1	Q229	P474	"+357"
Q229-P487-1	Q229	P487	"ğŸ‡¨ğŸ‡¾"
Q229-P898-2	Q229	P898	"kÊ²ipr"
Q229-P898-4	Q229	P898	"Ëˆcipros"
Q229-P898-1	Q229	P898	"ËˆkyËpÉ¾É”s"
Q229-P898-3	Q229	P898	"ËˆkÉ¯bÉ¾É¯s"
Q229-P935-1	Q229	P935	"ÎšÏÏ€ÏÎ¿Ï‚ - KÄ±brÄ±s"
Q2292518-P373-1	Q2292518	P373	"Ceres Brewery"
Q230-P2258-1	Q230	P2258	"282"
Q230-P2979-1	Q230	P2979	"213"
Q230-P3067-1	Q230	P3067	"486"
Q230-P3238-1	Q230	P3238	"0"
Q230-P373-1	Q230	P373	"Georgia"
Q230-P395-1	Q230	P395	"GE"
Q230-P474-1	Q230	P474	"+995"
Q230-P487-1	Q230	P487	"ğŸ‡¬ğŸ‡ª"
Q230-P898-1	Q230	P898	"gÉ›ËˆÉ”É¾gjÉ‘"
Q230-P935-1	Q230	P935	"áƒ¡áƒáƒ¥áƒáƒ áƒ—áƒ•áƒ”áƒšáƒ"
Q2319266-P373-1	Q2319266	P373	"Guinness brewery"
Q233-P2258-1	Q233	P2258	"278"
Q233-P2979-1	Q233	P2979	"215"
Q233-P2979-2	Q233	P2979	"229"
Q233-P2979-3	Q233	P2979	"248"
Q233-P2979-4	Q233	P2979	"249"
Q233-P2979-5	Q233	P2979	"256"
Q233-P3067-1	Q233	P3067	"535"
Q233-P373-1	Q233	P373	"Malta"
Q233-P395-1	Q233	P395	"M"
Q233-P474-1	Q233	P474	"+356"
Q233-P487-1	Q233	P487	"ğŸ‡²ğŸ‡¹"
Q233-P898-2	Q233	P898	"ËˆmalÊ²tÉ™"
Q233-P898-3	Q233	P898	"ËˆmÉltÉ"
Q233-P898-1	Q233	P898	"ËˆmÉ‘ltÉ‘"
Q233-P898-4	Q233	P898	"ËˆmÉ’ltÉ™"
Q233-P935-1	Q233	P935	"Malta"
Q2343962-P373-1	Q2343962	P373	"Haacht brewery"
Q2345368-P373-1	Q2345368	P373	"Cantillon Brewery"
Q23482-P281-1	Q23482	P281	"13000"
Q23482-P281-2	Q23482	P281	"13001"
Q23482-P281-3	Q23482	P281	"13002"
Q23482-P281-5	Q23482	P281	"13003"
Q23482-P281-4	Q23482	P281	"13004"
Q23482-P281-6	Q23482	P281	"13005"
Q23482-P281-7	Q23482	P281	"13006"
Q23482-P281-8	Q23482	P281	"13007"
Q23482-P281-9	Q23482	P281	"13008"
Q23482-P281-10	Q23482	P281	"13009"
Q23482-P281-11	Q23482	P281	"13010"
Q23482-P281-12	Q23482	P281	"13011"
Q23482-P281-13	Q23482	P281	"13012"
Q23482-P281-14	Q23482	P281	"13013"
Q23482-P281-15	Q23482	P281	"13014"
Q23482-P281-16	Q23482	P281	"13015"
Q23482-P281-17	Q23482	P281	"13016"
Q23482-P373-1	Q23482	P373	"Marseille"
Q23482-P473-1	Q23482	P473	"491"
Q23482-P473-2	Q23482	P473	"496"
Q23482-P935-1	Q23482	P935	"Marseille"
Q236-P2258-1	Q236	P2258	"297"
Q236-P2979-1	Q236	P2979	"262"
Q236-P3067-1	Q236	P3067	"389"
Q236-P3238-1	Q236	P3238	"0"
Q236-P373-1	Q236	P373	"Montenegro"
Q236-P395-1	Q236	P395	"MNE"
Q236-P474-1	Q236	P474	"+382"
Q236-P487-1	Q236	P487	"ğŸ‡²ğŸ‡ª"
Q236-P898-1	Q236	P898	"mÉ”ntÉ™ËˆneËgÉ¾u"
Q236-P898-3	Q236	P898	"tÍ¡srÌ©Ì‚ËnaË É¡É”ÌŒra"
Q236-P898-2	Q236	P898	"tÍ¡É•ÉªrnÉËˆÉ¡orÊ²ÉªjÉ™"
Q236-P935-1	Q236	P935	"Ğ¦Ñ€Ğ½Ğ° Ğ“Ğ¾Ñ€Ğ° / Crna Gora"
Q241-P2258-1	Q241	P2258	"368"
Q241-P2979-1	Q241	P2979	"323"
Q241-P3067-1	Q241	P3067	"850"
Q241-P3238-1	Q241	P3238	"0"
Q241-P373-1	Q241	P373	"Cuba"
Q241-P395-1	Q241	P395	"C"
Q241-P474-1	Q241	P474	"+53"
Q241-P487-1	Q241	P487	"ğŸ‡¨ğŸ‡º"
Q241-P898-1	Q241	P898	"ËˆkÊ‰ËbÉ‘"
Q241-P935-1	Q241	P935	"Cuba"
Q241898-P281-1	Q241898	P281	"3740"
Q241898-P281-2	Q241898	P281	"3742"
Q241898-P281-3	Q241898	P281	"3746"
Q241898-P373-1	Q241898	P373	"Bilzen"
Q241898-P473-1	Q241898	P473	"089"
Q253481-P373-1	Q253481	P373	"Lager beer"
Q258-P2258-1	Q258	P2258	"655"
Q258-P2979-1	Q258	P2979	"601"
Q258-P3067-1	Q258	P3067	"600-601"
Q258-P3238-1	Q258	P3238	"0"
Q258-P373-1	Q258	P373	"South Africa"
Q258-P395-1	Q258	P395	"ZA"
Q258-P474-1	Q258	P474	"+27"
Q258-P487-1	Q258	P487	"ğŸ‡¿ğŸ‡¦"
Q258-P898-1	Q258	P898	"ËˆsÃ¸ËÉ¾É‘fÉ¾ÉªkÉ‘"
Q258-P935-1	Q258	P935	"South Africa - Ningizimu Afrika - Suid-Afrika - Afrika Borwa"
Q259438-P373-1	Q259438	P373	"Millet"
Q2601227-P373-1	Q2601227	P373	"Sinebrychoff"
Q261105-P373-1	Q261105	P373	"Helles"
Q26253-P2979-1	Q26253	P2979	"255"
Q26253-P373-1	Q26253	P373	"Madeira"
Q26253-P395-1	Q26253	P395	"P"
Q26253-P473-1	Q26253	P473	"351 291"
Q26253-P935-1	Q26253	P935	"Madeira"
Q2638082-P373-1	Q2638082	P373	"Hijos de Rivera"
Q263980-P373-1	Q263980	P373	"Soproni"
Q27-P2258-1	Q27	P2258	"272"
Q27-P2979-1	Q27	P2979	"250"
Q27-P3067-1	Q27	P3067	"539"
Q27-P3238-1	Q27	P3238	"0"
Q27-P373-1	Q27	P373	"Republic of Ireland"
Q27-P395-1	Q27	P395	"IRL"
Q27-P474-1	Q27	P474	"+353"
Q27-P487-1	Q27	P487	"ğŸ‡®ğŸ‡ª"
Q27-P898-3	Q27	P898	"ËˆaÉªÉ™É¹lÉ™nd"
Q27-P898-4	Q27	P898	"ËˆaÉªÉ¹lÉ™nd"
Q27-P898-2	Q27	P898	"ËˆeËÉ¾Ê²É™"
Q27-P898-1	Q27	P898	"ËˆÉªÉ¾lÉ‘n"
Q27-P935-1	Q27	P935	"Ireland - Ã‰ire"
Q2729871-P373-1	Q2729871	P373	"Efes Beverage Group"
Q2751813-P373-1	Q2751813	P373	"Traditional Specialities Guaranteed"
Q2754546-P373-1	Q2754546	P373	"Gulpener"
Q2799401-P373-1	Q2799401	P373	"Brasserie du Bocq"
Q28-P2258-1	Q28	P2258	"216"
Q28-P2979-1	Q28	P2979	"243"
Q28-P3067-1	Q28	P3067	"599"
Q28-P3238-1	Q28	P3238	"06"
Q28-P373-1	Q28	P373	"Hungary"
Q28-P395-1	Q28	P395	"H"
Q28-P473-1	Q28	P473	"+36"
Q28-P474-1	Q28	P474	"+36"
Q28-P487-1	Q28	P487	"ğŸ‡­ğŸ‡º"
Q28-P898-1	Q28	P898	"ËˆuÅ‹gÉ‘É³"
Q28-P898-2	Q28	P898	"ËˆvÊ²enÉ¡rÊ²ÉªjÉ™"
Q28-P898-3	Q28	P898	"ËˆÊŠÅ‹É¡aÊn"
Q28-P935-1	Q28	P935	"MagyarorszÃ¡g"
Q28195743-P373-1	Q28195743	P373	"Brasserie de Luxembourg Mousel-Diekirch"
Q283-P1282-1	Q283	P1282	"Tag:resource=water"
Q283-P233-1	Q283	P233	"O"
Q283-P274-1	Q283	P274	"Hâ‚‚O"
Q283-P373-1	Q283	P373	"Water"
Q283-P487-1	Q283	P487	"ğŸ’§"
Q283-P935-1	Q283	P935	"Water"
Q288727-P373-1	Q288727	P373	"Sapporo Breweries"
Q29-P2258-1	Q29	P2258	"214"
Q29-P2979-1	Q29	P2979	"224"
Q29-P2979-2	Q29	P2979	"225"
Q29-P3067-1	Q29	P3067	"840-849"
Q29-P373-1	Q29	P373	"Spain"
Q29-P395-1	Q29	P395	"E"
Q29-P474-1	Q29	P474	"+34"
Q29-P487-1	Q29	P487	"ğŸ‡ªğŸ‡¸"
Q29-P898-3	Q29	P898	"esËˆpaÉ²a"
Q29-P898-2	Q29	P898	"ÉªËˆspanÊ²ÉªjÉ™"
Q29-P898-4	Q29	P898	"ËˆspeÉªn"
Q29-P898-1	Q29	P898	"ËˆspÉ‘ËnÉªÉ‘"
Q29-P935-1	Q29	P935	"EspaÃ±a"
Q298-P2258-1	Q298	P2258	"730"
Q298-P2979-1	Q298	P2979	"725"
Q298-P3067-1	Q298	P3067	"780"
Q298-P3238-1	Q298	P3238	"0"
Q298-P373-1	Q298	P373	"Chile"
Q298-P395-1	Q298	P395	"RCH"
Q298-P474-1	Q298	P474	"+56"
Q298-P487-1	Q298	P487	"ğŸ‡¨ğŸ‡±"
Q298-P898-1	Q298	P898	"ËˆtÊ‚iËlÉ™"
Q298-P935-1	Q298	P935	"Chile"
Q30-P2258-1	Q30	P2258	"310"
Q30-P2258-2	Q30	P2258	"311"
Q30-P2258-3	Q30	P2258	"312"
Q30-P2258-4	Q30	P2258	"313"
Q30-P2258-5	Q30	P2258	"316"
Q30-P2979-1	Q30	P2979	"338"
Q30-P2979-2	Q30	P2979	"366"
Q30-P2979-3	Q30	P2979	"367"
Q30-P2979-4	Q30	P2979	"368"
Q30-P2979-5	Q30	P2979	"369"
Q30-P3067-1	Q30	P3067	"000-139"
Q30-P373-1	Q30	P373	"United States"
Q30-P395-1	Q30	P395	"USA"
Q30-P474-1	Q30	P474	"+1"
Q30-P487-1	Q30	P487	"ğŸ‡ºğŸ‡¸"
Q30-P898-1	Q30	P898	"Ê‰ËÉ›ËˆsÉ‘Ë"
Q30-P935-1	Q30	P935	"United States"
Q3012930-P373-1	Q3012930	P373	"Damm (beer)"
Q303690-P373-1	Q303690	P373	"Aass Bryggeri"
Q31-P2258-1	Q31	P2258	"206"
Q31-P2979-1	Q31	P2979	"205"
Q31-P3067-1	Q31	P3067	"540-549"
Q31-P3238-1	Q31	P3238	"0"
Q31-P373-1	Q31	P373	"Belgium"
Q31-P395-1	Q31	P395	"B"
Q31-P474-1	Q31	P474	"+32"
Q31-P487-1	Q31	P487	"ğŸ‡§ğŸ‡ª"
Q31-P898-3	Q31	P898	"bÉ›l.Ê’ik"
Q31-P898-1	Q31	P898	"ËˆbÉ›lgÉªÉ‘"
Q31-P898-2	Q31	P898	"ËˆbÊ²elÊ²É¡Ê²ÉªjÉ™"
Q31-P935-1	Q31	P935	"BelgiÃ« - Belgique - Belgien"
Q3104453-P373-1	Q3104453	P373	"Protected geographical indication"
Q3127438-P373-1	Q3127438	P373	"De Plukker brewery"
Q313542-P373-1	Q313542	P373	"Tsingtao Brewery"
Q315796-P373-1	Q315796	P373	"Santa Claus"
Q315796-P487-1	Q315796	P487	"ğŸ…"
Q315796-P935-1	Q315796	P935	"Santa Claus"
Q32-P2258-1	Q32	P2258	"270"
Q32-P2979-1	Q32	P2979	"253"
Q32-P3067-1	Q32	P3067	"540-549"
Q32-P3238-1	Q32	P3238	novalue
Q32-P373-1	Q32	P373	"Luxembourg"
Q32-P395-1	Q32	P395	"L"
Q32-P474-1	Q32	P474	"+352"
Q32-P487-1	Q32	P487	"ğŸ‡±ğŸ‡º"
Q32-P898-1	Q32	P898	"ËˆlÊ‰ksÉ™mbÊ‰É¾g"
Q32-P935-1	Q32	P935	"LÃ«tzebuerg"
Q3214940-P373-1	Q3214940	P373	"Hops"
Q3246609-P373-1	Q3246609	P373	"Mixed drinks"
Q33-P2258-1	Q33	P2258	"244"
Q33-P2979-1	Q33	P2979	"230"
Q33-P3067-1	Q33	P3067	"640-649"
Q33-P3238-1	Q33	P3238	"0"
Q33-P373-1	Q33	P373	"Finland"
Q33-P395-1	Q33	P395	"FIN"
Q33-P474-1	Q33	P474	"+358"
Q33-P487-1	Q33	P487	"ğŸ‡«ğŸ‡®"
Q33-P898-1	Q33	P898	"ËˆfÉªnlÉ‘n"
Q33-P898-2	Q33	P898	"ËˆsuoÌ¯mi"
Q33-P935-1	Q33	P935	"Suomi â€“ Finland"
Q3319685-P373-1	Q3319685	P373	"Molson Coors Brewing Company"
Q3335289-P373-1	Q3335289	P373	"Spendrups"
Q34-P2258-1	Q34	P2258	"240"
Q34-P2979-1	Q34	P2979	"265"
Q34-P2979-2	Q34	P2979	"266"
Q34-P3067-1	Q34	P3067	"730-739"
Q34-P3238-1	Q34	P3238	"0"
Q34-P373-1	Q34	P373	"Sweden"
Q34-P395-1	Q34	P395	"S"
Q34-P474-1	Q34	P474	"+46"
Q34-P487-1	Q34	P487	"ğŸ‡¸ğŸ‡ª"
Q34-P898-3	Q34	P898	"ËˆsvÉ›ËrjÉ›"
Q34-P898-1	Q34	P898	"ËˆsÊ‹Ã¦É¾jÉ™"
Q34-P898-2	Q34	P898	"ËˆÊ‚vÊ²etÍ¡sÉ¨jÉ™"
Q34-P935-1	Q34	P935	"Sverige"
Q34366-P373-1	Q34366	P373	"Tasmania"
Q34366-P473-1	Q34366	P473	"03"
Q34366-P935-1	Q34366	P935	"Tasmania"
Q3496897-P373-1	Q3496897	P373	"Brouwerij \\\\'t IJ"
Q35-P2258-1	Q35	P2258	"238"
Q35-P2979-1	Q35	P2979	"219"
Q35-P2979-2	Q35	P2979	"220"
Q35-P3067-1	Q35	P3067	"570"
Q35-P3067-2	Q35	P3067	"571"
Q35-P3067-3	Q35	P3067	"572"
Q35-P3067-4	Q35	P3067	"573"
Q35-P3067-5	Q35	P3067	"574"
Q35-P3067-6	Q35	P3067	"575"
Q35-P3067-7	Q35	P3067	"576"
Q35-P3067-8	Q35	P3067	"577"
Q35-P3067-9	Q35	P3067	"578"
Q35-P3067-10	Q35	P3067	"579"
Q35-P3238-1	Q35	P3238	novalue
Q35-P373-1	Q35	P373	"Denmark"
Q35-P474-1	Q35	P474	"+45"
Q35-P487-1	Q35	P487	"ğŸ‡©ğŸ‡°"
Q35-P898-1	Q35	P898	"ËˆdÉ‘nmÉ‘É¾k"
Q35-P935-1	Q35	P935	"Danmark"
Q3508302-P373-1	Q3508302	P373	"Svijany Brewery"
Q35355-P373-1	Q35355	P373	"Sumer"
Q35355-P935-1	Q35355	P935	"Sumer"
Q36-P2258-1	Q36	P2258	"260"
Q36-P2979-1	Q36	P2979	"261"
Q36-P3067-1	Q36	P3067	"590"
Q36-P3238-1	Q36	P3238	novalue
Q36-P373-1	Q36	P373	"Poland"
Q36-P395-1	Q36	P395	"PL"
Q36-P474-1	Q36	P474	"+48"
Q36-P487-1	Q36	P487	"ğŸ‡µğŸ‡±"
Q36-P898-1	Q36	P898	"ËˆpuËlnÌ©"
Q36-P898-2	Q36	P898	"ËˆpÉ”lska"
Q36-P935-1	Q36	P935	"Polska"
Q3621354-P373-1	Q3621354	P373	"Christmas beers"
Q37-P2258-1	Q37	P2258	"246"
Q37-P2979-1	Q37	P2979	"277"
Q37-P3067-1	Q37	P3067	"477"
Q37-P3238-1	Q37	P3238	"8"
Q37-P373-1	Q37	P373	"Lithuania"
Q37-P395-1	Q37	P395	"LT"
Q37-P474-1	Q37	P474	"+370"
Q37-P487-1	Q37	P487	"ğŸ‡±ğŸ‡¹"
Q37-P898-3	Q37	P898	"lÊ²ÉªÉ›tÊŠËˆvÉ"
Q37-P898-2	Q37	P898	"lÊ²ÉªËˆtva"
Q37-P898-1	Q37	P898	"ËˆlÉªtÃ¦Ê‰É™n"
Q37-P935-1	Q37	P935	"Lietuva"
Q371901-P281-1	Q371901	P281	"4640"
Q371901-P373-1	Q371901	P373	"Royal Unibrew"
Q3784942-P373-1	Q3784942	P373	"Tekel"
Q38-P2258-1	Q38	P2258	"222"
Q38-P2979-1	Q38	P2979	"247"
Q38-P3067-1	Q38	P3067	"800-839"
Q38-P3238-1	Q38	P3238	novalue
Q38-P373-1	Q38	P373	"Italy"
Q38-P395-1	Q38	P395	"I"
Q38-P474-1	Q38	P474	"+39"
Q38-P487-1	Q38	P487	"ğŸ‡®ğŸ‡¹"
Q38-P898-3	Q38	P898	"iËˆtalja"
Q38-P898-2	Q38	P898	"ÉªËˆtalÊ²ÉªjÉ™"
Q38-P898-1	Q38	P898	"ÉªËˆtÉ‘ËlÉªÉ‘"
Q38-P935-1	Q38	P935	"Italia"
Q39-P2258-1	Q39	P2258	"228"
Q39-P2979-1	Q39	P2979	"269"
Q39-P3067-1	Q39	P3067	"760-769"
Q39-P3238-1	Q39	P3238	"0"
Q39-P373-1	Q39	P373	"Switzerland"
Q39-P395-1	Q39	P395	"CH"
Q39-P474-1	Q39	P474	"+41"
Q39-P487-1	Q39	P487	"ğŸ‡¨ğŸ‡­"
Q39-P898-1	Q39	P898	"ËˆsÊ‹Ã¦Éªts"
Q39-P935-1	Q39	P935	"Confoederatio Helvetica"
Q392195-P373-1	Q392195	P373	"Brouwerij Jopen"
Q399-P2258-1	Q399	P2258	"283"
Q399-P2979-1	Q399	P2979	"216"
Q399-P3067-1	Q399	P3067	"485"
Q399-P3238-1	Q399	P3238	"0"
Q399-P373-1	Q399	P373	"Armenia"
Q399-P395-1	Q399	P395	"AM"
Q399-P474-1	Q399	P474	"+374"
Q399-P487-1	Q399	P487	"ğŸ‡¦ğŸ‡²"
Q399-P898-1	Q399	P898	"É‘É¾ËˆmeËnÉªÉ‘"
Q399-P935-1	Q399	P935	"Armenia - Õ€Õ¡ÕµÕ¡Õ½Õ¿Õ¡Õ¶"
Q40-P2258-1	Q40	P2258	"232"
Q40-P2979-1	Q40	P2979	"203"
Q40-P3067-1	Q40	P3067	"900-919"
Q40-P3238-1	Q40	P3238	"0"
Q40-P373-1	Q40	P373	"Austria"
Q40-P395-1	Q40	P395	"A"
Q40-P474-1	Q40	P474	"+43"
Q40-P487-1	Q40	P487	"ğŸ‡¦ğŸ‡¹"
Q40-P898-1	Q40	P898	"ËˆÅ“stÉ™É¾iËkÉ™"
Q40-P935-1	Q40	P935	"Ã–sterreich"
Q40050-P373-1	Q40050	P373	"Beverages"
Q40050-P5471-1	Q40050	P5471	"22"
Q40050-P935-1	Q40050	P935	"Beverages"
Q4045735-P373-1	Q4045735	P373	"Olvi"
Q408-P1438-1	Q408	P1438	"15425#15"
Q408-P2258-1	Q408	P2258	"505"
Q408-P2979-1	Q408	P2979	"503"
Q408-P3067-1	Q408	P3067	"930"
Q408-P3067-2	Q408	P3067	"931"
Q408-P3067-3	Q408	P3067	"932"
Q408-P3067-4	Q408	P3067	"933"
Q408-P3067-5	Q408	P3067	"934"
Q408-P3067-6	Q408	P3067	"935"
Q408-P3067-7	Q408	P3067	"936"
Q408-P3067-8	Q408	P3067	"937"
Q408-P3067-9	Q408	P3067	"938"
Q408-P3067-10	Q408	P3067	"939"
Q408-P3238-1	Q408	P3238	"0"
Q408-P373-1	Q408	P373	"Australia"
Q408-P395-1	Q408	P395	"AUS"
Q408-P474-1	Q408	P474	"+61"
Q408-P487-1	Q408	P487	"ğŸ‡¦ğŸ‡º"
Q408-P898-2	Q408	P898	"Ã¦Ê‰sËˆtÉ¾É‘ËlÉªÉ‘"
Q408-P898-1	Q408	P898	"ÉfËˆstralÊ²ÉªjÉ™"
Q408-P898-3	Q408	P898	"É™ËˆstreÉªljÉ™"
Q408-P935-1	Q408	P935	"Australia"
Q40806-P281-1	Q40806	P281	"32034"
Q40806-P373-1	Q40806	P373	"Pedavena"
Q40806-P395-1	Q40806	P395	"BL"
Q40806-P473-1	Q40806	P473	"0439"
Q41-P2258-1	Q41	P2258	"202"
Q41-P2572-1	Q41	P2572	"greece"
Q41-P2979-1	Q41	P2979	"237"
Q41-P2979-2	Q41	P2979	"239"
Q41-P2979-3	Q41	P2979	"240"
Q41-P2979-4	Q41	P2979	"241"
Q41-P3067-1	Q41	P3067	"520"
Q41-P3067-2	Q41	P3067	"521"
Q41-P3238-1	Q41	P3238	novalue
Q41-P373-1	Q41	P373	"Greece"
Q41-P395-1	Q41	P395	"GR"
Q41-P474-1	Q41	P474	"+30"
Q41-P487-1	Q41	P487	"ğŸ‡¬ğŸ‡·"
Q41-P898-1	Q41	P898	"ËˆhÉ›lÉ‘s"
Q41-P898-2	Q41	P898	"ËˆÉ¡rÊ²etÍ¡sÉ¨jÉ™"
Q41-P935-1	Q41	P935	"Î•Î»Î»Î¬Î´Î±"
Q414-P2258-1	Q414	P2258	"722"
Q414-P2979-1	Q414	P2979	"701"
Q414-P3067-1	Q414	P3067	"778-779"
Q414-P3238-1	Q414	P3238	"0"
Q414-P373-1	Q414	P373	"Argentina"
Q414-P395-1	Q414	P395	"RA"
Q414-P474-1	Q414	P474	"+54"
Q414-P487-1	Q414	P487	"ğŸ‡¦ğŸ‡·"
Q414-P898-1	Q414	P898	"É‘É¾gÉ™nËˆtiËnÉ‘"
Q414-P935-1	Q414	P935	"Argentina"
Q419-P2258-1	Q419	P2258	"716"
Q419-P2979-1	Q419	P2979	"760"
Q419-P3067-1	Q419	P3067	"775"
Q419-P3238-1	Q419	P3238	"0"
Q419-P373-1	Q419	P373	"Peru"
Q419-P395-1	Q419	P395	"PE"
Q419-P474-1	Q419	P474	"+51"
Q419-P487-1	Q419	P487	"ğŸ‡µğŸ‡ª"
Q419-P898-1	Q419	P898	"pÉ™ËˆÉ¾Ê‰Ë"
Q419-P935-1	Q419	P935	"Peru"
Q424-P2258-1	Q424	P2258	"456"
Q424-P2979-1	Q424	P2979	"514"
Q424-P2979-2	Q424	P2979	"515"
Q424-P3067-1	Q424	P3067	"884"
Q424-P373-1	Q424	P373	"Cambodia"
Q424-P395-1	Q424	P395	"K"
Q424-P474-1	Q424	P474	"+855"
Q424-P487-1	Q424	P487	"ğŸ‡°ğŸ‡­"
Q424-P898-1	Q424	P898	"kÉ‘mËˆbÉ”tÊ‚É”"
Q424-P935-1	Q424	P935	"á–áŸ’ášáŸ‡ášá¶á‡á¶áá¶á…á€áŸ’ášá€á˜áŸ’á–á»á‡á¶"
Q43-P2258-1	Q43	P2258	"286"
Q43-P2979-1	Q43	P2979	"271"
Q43-P3067-1	Q43	P3067	"868-869"
Q43-P3238-1	Q43	P3238	"0"
Q43-P373-1	Q43	P373	"Turkey"
Q43-P395-1	Q43	P395	"TR"
Q43-P474-1	Q43	P474	"+90"
Q43-P487-1	Q43	P487	"ğŸ‡¹ğŸ‡·"
Q43-P898-1	Q43	P898	"ËˆtÊÉ¾kÉªÉ‘"
Q43-P935-1	Q43	P935	"TÃ¼rkiye"
Q431289-P1282-1	Q431289	P1282	"Key:brand"
Q431289-P373-1	Q431289	P373	"Brands"
Q44-P373-1	Q44	P373	"Beer"
Q44-P487-1	Q44	P487	"ğŸº"
Q44-P5471-1	Q44	P5471	"2203"
Q44-P935-1	Q44	P935	"Beer"
Q45-P2258-1	Q45	P2258	"268"
Q45-P2979-1	Q45	P2979	"263"
Q45-P3067-1	Q45	P3067	"560"
Q45-P3238-1	Q45	P3238	novalue
Q45-P373-1	Q45	P373	"Portugal"
Q45-P395-1	Q45	P395	"P"
Q45-P474-1	Q45	P474	"+351"
Q45-P487-1	Q45	P487	"ğŸ‡µğŸ‡¹"
Q45-P898-3	Q45	P898	"puÉ¾tuËˆÉ£aÉ«"
Q45-P898-1	Q45	P898	"puÊˆÊ‰ËˆgÉ‘Ël"
Q45-P898-2	Q45	P898	"pÉ™rtÊŠËˆÉ¡alÊ²ÉªjÉ™"
Q45-P935-1	Q45	P935	"Portugal"
Q454138-P935-1	Q454138	P935	"Arthur Guinness"
Q459-P281-1	Q459	P281	"4000"
Q459-P373-1	Q459	P373	"Plovdiv"
Q459-P395-1	Q459	P395	"Ğ Ğ’ (ĞŸ)"
Q459-P473-1	Q459	P473	"032"
Q4830453-P373-1	Q4830453	P373	"Business"
Q4830453-P898-1	Q4830453	P898	"ËˆbÉªz.nÉªs"
Q486761-P373-1	Q486761	P373	"Ancient history"
Q4949634-P2572-1	Q4949634	P2572	"BoulevardBrewing"
Q4949634-P373-1	Q4949634	P373	"Boulevard Brewing Company"
Q503-P373-1	Q503	P373	"Bananas"
Q503-P487-1	Q503	P487	"ğŸŒ"
Q503-P935-1	Q503	P935	"Banana"
Q505815-P373-1	Q505815	P373	"Trappist beers"
Q521673-P373-1	Q521673	P373	"Grupo Modelo"
Q5244695-P373-1	Q5244695	P373	"Proef brewery"
Q524679-P1987-1	Q524679	P1987	"2202.91.00"
Q526314-P373-1	Q526314	P373	"Lambic beers"
Q540912-P1796-1	Q540912	P1796	"10"
Q540912-P373-1	Q540912	P373	"Food industry"
Q5451993-P373-1	Q5451993	P373	"Firestone Walker Brewing Company"
Q55-P2258-1	Q55	P2258	"204"
Q55-P3067-1	Q55	P3067	"870-879"
Q55-P3238-1	Q55	P3238	"0"
Q55-P373-1	Q55	P373	"Netherlands"
Q55-P395-1	Q55	P395	"NL"
Q55-P474-1	Q55	P474	"+31"
Q55-P474-2	Q55	P474	"+599"
Q55-P487-1	Q55	P487	"ğŸ‡³ğŸ‡±"
Q55-P898-1	Q55	P898	"ËˆneËdÉ™É­É‘n"
Q55-P935-1	Q55	P935	"Nederland"
Q562552-P373-1	Q562552	P373	"Oettinger Brauerei"
Q566990-P373-1	Q566990	P373	"Schlenkerla (Brauerei Heller)"
Q597787-P373-1	Q597787	P373	"Smoked beer"
Q609966-P373-1	Q609966	P373	"Samson (brewery)"
Q61-P238-1	Q61	P238	"WAS"
Q61-P281-1	Q61	P281	"20001â€“20098"
Q61-P281-2	Q61	P281	"20201â€“20599"
Q61-P373-1	Q61	P373	"Washington, D.C."
Q61-P473-1	Q61	P473	"202"
Q61-P935-1	Q61	P935	"Washington, D.C."
Q61665121-P225-1	Q61665121	P225	"Hordeum vulgare L."
Q62617508-P304-1	Q62617508	P304	"52"
Q62617508-P433-1	Q62617508	P433	"2"
Q6471508-P373-1	Q6471508	P373	"Sarajevo Brewery"
Q654493-P1282-1	Q654493	P1282	"Tag:cuisine=turkish"
Q654493-P373-1	Q654493	P373	"Cuisine of Turkey"
Q654493-P935-1	Q654493	P935	"Cuisine of Turkey"
Q658637-P373-1	Q658637	P373	"Miller (beer)"
Q663-P1931-1	Q663	P1931	"7900"
Q663-P233-1	Q663	P233	"[Al]"
Q663-P246-1	Q663	P246	"Al"
Q663-P274-1	Q663	P274	"Al"
Q663-P373-1	Q663	P373	"Aluminium"
Q663-P4213-1	Q663	P4213	"92C1"
Q663-P487-1	Q663	P487	"é‹"
Q663-P5994-1	Q663	P5994	"41"
Q663-P920-1	Q663	P920	"LEM201000405"
Q663-P935-1	Q663	P935	"Aluminium"
Q664609-P373-1	Q664609	P373	"Caribbean"
Q69007-P281-1	Q69007	P281	"6969"
Q69007-P373-1	Q69007	P373	"Chur"
Q69007-P395-1	Q69007	P395	"GR"
Q69007-P473-1	Q69007	P473	"081"
Q69007-P935-1	Q69007	P935	"Chur"
Q6905942-P373-1	Q6905942	P373	"CC-BY-SA"
Q6923815-P373-1	Q6923815	P373	"Mount St Bernard Abbey"
Q695-P2258-1	Q695	P2258	"552"
Q695-P2979-1	Q695	P2979	"511"
Q695-P373-1	Q695	P373	"Palau"
Q695-P474-1	Q695	P474	"+680"
Q695-P487-1	Q695	P487	"ğŸ‡µğŸ‡¼"
Q695-P898-1	Q695	P898	"pÉ‘\\\\'lÉ‘Ëu"
Q695-P935-1	Q695	P935	"Palau"
Q717-P2258-1	Q717	P2258	"734"
Q717-P2979-1	Q717	P2979	"775"
Q717-P3067-1	Q717	P3067	"759"
Q717-P3238-1	Q717	P3238	"0"
Q717-P373-1	Q717	P373	"Venezuela"
Q717-P395-1	Q717	P395	"YV"
Q717-P474-1	Q717	P474	"+58"
Q717-P487-1	Q717	P487	"ğŸ‡»ğŸ‡ª"
Q717-P898-1	Q717	P898	"Ê‹É›nÉ™\\\\'sÊ‰eËlÉ‘"
Q717-P935-1	Q717	P935	"Venezuela"
Q720479-P373-1	Q720479	P373	"Asahi Breweries"
Q722080-P373-1	Q722080	P373	"Private labels"
Q740429-P373-1	Q740429	P373	"Kukri"
Q750-P2258-1	Q750	P2258	"736"
Q750-P2979-1	Q750	P2979	"720"
Q750-P3067-1	Q750	P3067	"777"
Q750-P373-1	Q750	P373	"Bolivia"
Q750-P395-1	Q750	P395	"BOL"
Q750-P474-1	Q750	P474	"+591"
Q750-P487-1	Q750	P487	"ğŸ‡§ğŸ‡´"
Q750-P898-1	Q750	P898	"bu\\\\'liËÊ‹ÉªÉ‘"
Q750-P935-1	Q750	P935	"Bolivia"
Q75438-P373-1	Q75438	P373	"Brewery in Å»ywiec"
Q756617-P373-1	Q756617	P373	"Kingdom of Denmark"
Q756617-P487-1	Q756617	P487	"ğŸ‡©ğŸ‡°"
Q7802-P373-1	Q7802	P373	"Bread"
Q7802-P487-1	Q7802	P487	"ğŸ"
Q7802-P935-1	Q7802	P935	"Bread"
Q783794-P373-1	Q783794	P373	"Companies"
Q801-P1438-1	Q801	P1438	"11730"
Q801-P2258-1	Q801	P2258	"425"
Q801-P2979-1	Q801	P2979	"428"
Q801-P3067-1	Q801	P3067	"729"
Q801-P3238-1	Q801	P3238	"0"
Q801-P373-1	Q801	P373	"Israel"
Q801-P395-1	Q801	P395	"IL"
Q801-P474-1	Q801	P474	"+972"
Q801-P487-1	Q801	P487	"ğŸ‡®ğŸ‡±"
Q801-P898-3	Q801	P898	"jisÊaËˆÊ”el"
Q801-P898-1	Q801	P898	"ËˆiËsÉ¾É‘É›l"
Q801-P898-2	Q801	P898	"ËˆÉªzreÉªÉ™l"
Q801-P935-1	Q801	P935	"Israel"
Q805734-P373-1	Q805734	P373	"Baltika (brewery)"
Q822-P2258-1	Q822	P2258	"415"
Q822-P2979-1	Q822	P2979	"450"
Q822-P3067-1	Q822	P3067	"528"
Q822-P3238-1	Q822	P3238	"0"
Q822-P373-1	Q822	P373	"Lebanon"
Q822-P395-1	Q822	P395	"RL"
Q822-P474-1	Q822	P474	"+961"
Q822-P487-1	Q822	P487	"ğŸ‡±ğŸ‡§"
Q822-P898-1	Q822	P898	"\\\\'liËbÉ‘nÉ”n"
Q822-P935-1	Q822	P935	"Ù„Ø¨Ù†Ø§Ù†"
Q83165-P373-1	Q83165	P373	"Nutmegs"
Q83165-P935-1	Q83165	P935	"Myristica fragrans"
Q837-P2258-1	Q837	P2258	"429"
Q837-P2979-1	Q837	P2979	"459"
Q837-P3067-1	Q837	P3067	"524"
Q837-P3238-1	Q837	P3238	novalue
Q837-P373-1	Q837	P373	"Nepal"
Q837-P395-1	Q837	P395	"NEP"
Q837-P474-1	Q837	P474	"+977"
Q837-P487-1	Q837	P487	"ğŸ‡³ğŸ‡µ"
Q837-P898-1	Q837	P898	"nÉ›ËˆpÉ‘Ël"
Q837-P935-1	Q837	P935	"à¤¨à¥‡à¤ªà¤¾à¤²"
Q865859-P373-1	Q865859	P373	"Peroni (brewery)"
Q869-P2258-1	Q869	P2258	"520"
Q869-P2979-1	Q869	P2979	"567"
Q869-P3067-1	Q869	P3067	"885"
Q869-P3238-1	Q869	P3238	"0"
Q869-P373-1	Q869	P373	"Thailand"
Q869-P395-1	Q869	P395	"T"
Q869-P474-1	Q869	P474	"+66"
Q869-P487-1	Q869	P487	"ğŸ‡¹ğŸ‡­"
Q869-P935-1	Q869	P935	"à¸›à¸£à¸°à¹€à¸—à¸¨à¹„à¸—à¸¢"
Q869095-P373-1	Q869095	P373	"Beer brewing"
Q897711-P373-1	Q897711	P373	"Brand (beer)"
Q898144-P373-1	Q898144	P373	"Free culture"
Q900314-P373-1	Q900314	P373	"Brewery Martens (Bocholt)"
Q916-P2258-1	Q916	P2258	"631"
Q916-P2979-1	Q916	P2979	"603"
Q916-P3238-1	Q916	P3238	novalue
Q916-P373-1	Q916	P373	"Angola"
Q916-P474-1	Q916	P474	"+244"
Q916-P487-1	Q916	P487	"ğŸ‡¦ğŸ‡´"
Q916-P898-1	Q916	P898	"É‘Å‹\\\\'guËlÉ‘"
Q916-P935-1	Q916	P935	"Angola"
Q93561941-P1329-1	Q93561941	P1329	"+30-2531-038718"
Q948-P2258-1	Q948	P2258	"605"
Q948-P2979-1	Q948	P2979	"672"
Q948-P3067-1	Q948	P3067	"619"
Q948-P3238-1	Q948	P3238	"00"
Q948-P373-1	Q948	P373	"Tunisia"
Q948-P395-1	Q948	P395	"TN"
Q948-P474-1	Q948	P474	"+216"
Q948-P487-1	Q948	P487	"ğŸ‡¹ğŸ‡³"
Q948-P898-1	Q948	P898	"tÊ‰\\\\'niËsÉªÉ‘"
Q948-P935-1	Q948	P935	"ØªÙˆÙ†Ø³"
Q955589-P281-1	Q955589	P281	"LE67"
Q955589-P373-1	Q955589	P373	"Coalville"
Q955589-P473-1	Q955589	P473	"01530"
Q955589-P613-1	Q955589	P613	"SK433138"
Q96-P2258-1	Q96	P2258	"334"
Q96-P2979-1	Q96	P2979	"345"
Q96-P3067-1	Q96	P3067	"750"
Q96-P373-1	Q96	P373	"Mexico"
Q96-P395-1	Q96	P395	"MEX"
Q96-P474-1	Q96	P474	"+52"
Q96-P487-1	Q96	P487	"ğŸ‡²ğŸ‡½"
Q96-P898-2	Q96	P898	"Ëˆmexiko"
Q96-P898-1	Q96	P898	"ËˆmÉ›ksÉªkuË"
Q96-P935-1	Q96	P935	"MÃ©xico"
